IN ?County,IN Zip Code
Union,45003
Madison,46001
Madison,46011
Madison,46012
Madison,46013
Putnam,46015
Madison,46016
Madison,46017
Hamilton,46030
Hamilton,46032
Hamilton,46033
Madison,46036
Hamilton,46037
Hamilton,46038
Clinton,46041
Madison,46044
Madison,46051
Boone,46052
Hancock,46055
Clinton,46057
Hamilton,46060
Hamilton,46062
Madison,46064
Clinton,46065
Tipton,46068
Hamilton,46069
Madison,46070
Boone,46071
Tipton,46072
Hamilton,46074
Boone,46075
Boone,46077
Grant,46086
Hendricks,46103
Rush,46104
Putnam,46105
Johnson,46106
Marion,46107
Morgan,46111
Hendricks,46112
Morgan,46113
Hancock,46117
Hendricks,46118
Putnam,46120
Hendricks,46122
Hendricks,46123
Johnson,46124
Morgan,46125
Shelby,46126
Putnam,46128
Johnson,46131
Putnam,46135
Hancock,46140
Johnson,46142
Johnson,46143
Boone,46147
Henry,46148
Hendricks,46149
Morgan,46151
Hancock,46154
Rush,46155
Rush,46156
Morgan,46157
Morgan,46158
Brown,46160
Shelby,46161
Hancock,46163
Brown,46164
Hendricks,46165
Morgan,46166
Hendricks,46167
Hendricks,46168
Putnam,46172
Rush,46173
Shelby,46176
Johnson,46181
Shelby,46182
Marion,46183
Johnson,46184
Marion,46201
Marion,46202
Marion,46203
Marion,46204
Marion,46205
Marion,46208
Marion,46214
Marion,46217
Marion,46218
Marion,46219
Marion,46220
Marion,46221
Marion,46222
Marion,46224
Marion,46225
Marion,46226
Marion,46227
Marion,46228
Marion,46229
Marion,46234
Marion,46235
Marion,46236
Marion,46237
Marion,46239
Marion,46240
Marion,46241
Marion,46250
Marion,46254
Marion,46256
Marion,46259
Marion,46260
Marion,46268
Marion,46278
Hamilton,46280
Porter,46302
Lake,46303
Porter,46304
Lake,46307
Lake,46311
Lake,46312
Lake,46319
Lake,46320
Lake,46321
Lake,46322
Lake,46323
Lake,46324
Lake,46327
Porter,46341
Lake,46342
LaPorte,46346
Porter,46347
LaPorte,46348
Newton,46349
LaPorte,46350
Lake,46356
Starke,46366
Porter,46368
LaPorte,46371
Newton,46372
Lake,46373
Lake,46375
LaPorte,46382
Porter,46383
Porter,46385
LaPorte,46390
LaPorte,46391
Jasper,46392
Lake,46394
Lake,46402
Lake,46403
Lake,46404
Lake,46405
Lake,46406
Lake,46407
Lake,46408
Lake,46410
Marshall,46501
Marshall,46504
Marshall,46506
Elkhart,46507
Kosciusko,46510
Marshall,46511
Elkhart,46514
Elkhart,46516
Elkhart,46517
Elkhart,46526
Elkhart,46528
Starke,46532
Starke,46534
Kosciusko,46538
Kosciusko,46539
Elkhart,46540
Kosciusko,46542
Elkhart,46543
Elkhart,46550
Elkhart,46553
Kosciusko,46555
Kosciusko,46562
Marshall,46563
LaGrange,46565
Kosciusko,46567
LaGrange,46571
Kosciusko,46580
Kosciusko,46582
Kosciusko,46590
Saint Joseph,46616
Noble,46701
Huntington,46702
Steuben,46703
Allen,46704
Noble,46710
Adams,46711
Wells,46714
Whitley,46723
Whitley,46725
Adams,46733
Adams,46740
LaGrange,46746
Allen,46748
Huntington,46750
Noble,46755
LaGrange,46761
Whitley,46764
Allen,46765
Noble,46767
Adams,46772
Allen,46773
Allen,46774
Wells,46777
Steuben,46779
Wells,46781
Noble,46784
Huntington,46792
LaGrange,46795
Noble,46796
Allen,46797
Allen,46798
Allen,46802
Allen,46803
Allen,46804
Allen,46805
Allen,46806
Allen,46807
Allen,46808
Allen,46809
Allen,46814
Allen,46815
Allen,46816
Allen,46818
Allen,46819
Allen,46825
Allen,46835
Allen,46845
Grant,46853
Allen,46857
Vigo,46871
Howard,46901
Howard,46902
Miami,46914
Carroll,46923
Miami,46926
Grant,46928
Carroll,46929
Fulton,46931
Grant,46933
Howard,46936
Grant,46938
Wabash,46943
Cass,46947
Grant,46952
Grant,46953
Wabash,46962
Miami,46970
Fulton,46975
Cass,46978
Howard,46979
Grant,46986
Grant,46987
Grant,46989
Grant,46991
Wabash,46992
Cass,46994
Pulaski,46996
Dearborn,47001
Franklin,47016
Dearborn,47018
Switzerland,47019
Franklin,47024
Dearborn,47025
Ripley,47031
Dearborn,47032
Ripley,47037
Ohio,47040
Ripley,47042
Switzerland,47043
Dearborn,47060
Scott,47102
Clark,47106
Washington,47108
Harrison,47110
Clark,47111
Harrison,47112
Crawford,47116
Harrison,47117
Floyd,47119
Floyd,47122
Floyd,47124
Clark,47126
Clark,47129
Clark,47130
Harrison,47136
Crawford,47137
Scott,47138
Crawford,47140
Crawford,47145
Floyd,47150
Harrison,47160
Clark,47162
Harrison,47164
Washington,47165
Harrison,47166
Washington,47167
Scott,47170
Clark,47172
Bartholomew,47201
Bartholomew,47203
Jackson,47220
Jefferson,47224
Jennings,47227
Jackson,47229
Jefferson,47230
Decatur,47240
Jefferson,47243
Jennings,47245
Bartholomew,47246
Jefferson,47250
Jackson,47260
Jennings,47265
Jennings,47273
Jackson,47274
Bartholomew,47280
Delaware,47302
Delaware,47303
Delaware,47304
Delaware,47305
Delaware,47320
Jay,47326
Wayne,47327
Wayne,47330
Fayette,47331
Delaware,47334
Jay,47336
Delaware,47338
Wayne,47341
Delaware,47342
Wayne,47346
Blackford,47348
Dubois,47352
Union,47353
Randolph,47355
Henry,47356
Randolph,47358
Blackford,47359
Henry,47361
Henry,47362
Randolph,47368
Jay,47371
Jay,47373
Wayne,47374
Randolph,47380
Delaware,47383
Henry,47387
Randolph,47390
Randolph,47394
Delaware,47396
Monroe,47401
Monroe,47403
Monroe,47404
Monroe,47408
Lawrence,47421
Greene,47424
Monroe,47429
Orange,47432
Owen,47433
Lawrence,47436
Greene,47438
Greene,47441
Greene,47443
Lawrence,47446
Brown,47448
Lawrence,47451
Orange,47452
Orange,47454
Owen,47455
Owen,47460
Lawrence,47462
Monroe,47464
Greene,47465
Monroe,47468
Greene,47471
Daviess,47501
Knox,47512
Dubois,47513
Knox,47516
Perry,47520
Dubois,47521
Spencer,47523
Dubois,47527
Daviess,47529
Dubois,47541
Dubois,47542
Dubois,47545
Dubois,47546
Spencer,47550
Perry,47551
Spencer,47552
Martin,47553
Daviess,47558
Pike,47567
Martin,47581
Perry,47586
Knox,47591
Pike,47598
Warrick,47601
Warrick,47610
Spencer,47611
Warrick,47613
Warrick,47619
Posey,47620
Warrick,47630
Posey,47633
Spencer,47634
Spencer,47635
Warrick,47637
Posey,47638
Gibson,47639
Gibson,47648
Gibson,47649
Gibson,47654
Gibson,47660
Gibson,47665
Gibson,47670
Vanderburgh,47710
Vanderburgh,47711
Vanderburgh,47712
Vanderburgh,47713
Vanderburgh,47714
Vanderburgh,47715
Vanderburgh,47720
Vanderburgh,47725
Vigo,47802
Vigo,47803
Vigo,47804
Vigo,47805
Vigo,47807
Clay,47834
Sullivan,47838
Clay,47841
Vermillion,47842
Sullivan,47848
Sullivan,47850
Sullivan,47852
Sullivan,47855
Parke,47859
Parke,47862
Vigo,47871
Parke,47872
Parke,47874
Sullivan,47882
Vigo,47885
Tippecanoe,47901
Tippecanoe,47904
Tippecanoe,47905
Tippecanoe,47906
Tippecanoe,47909
Fountain,47918
Tippecanoe,47920
Benton,47921
White,47923
White,47926
Vermillion,47928
White,47929
Fountain,47932
Montgomery,47933
Tippecanoe,47941
Pulaski,47946
Newton,47951
Montgomery,47954
White,47959
White,47960
Newton,47963
Montgomery,47965
Montgomery,47968
Benton,47970
Benton,47971
Warren,47975
Jasper,47977
Jasper,47978
Fountain,47987
Warren,47991
Warren,47993
White,47995
Saint Joseph,46637
Sullivan ,47879
Saint Joseph,46615
Saint Joseph,46544
LaPorte,46360
Saint Joseph,46628
Saint Joseph,46613
Saint Joseph,46617
Franklin,47012
Saint Joseph,46545
Delaware,47306
Saint Joseph,46614
Saint Joseph,46619
Dearborn,47041
,46460
,46028
DeKalb ,46706
Lake,46409
Saint Joseph,46530
Ripley,47006
DeKalb ,46738
Carroll ,46917
